{
	"format_version": "1.8.0",
	"animations": {
		"aim": {
			"loop": "hold_on_last_frame",
			"animation_length": 0.25,
			"bones": {
				"gun": {
					"position": {
						"0.0": {
							"vector": [0, 0, 0]
						},
						"0.25": {
							"vector": [2.46125, 1.125, -1.5]
						}
					}
				},
				"model": {
					"position": {
						"0.0": {
							"vector": [0, 0, 0]
						},
						"0.25": {
							"vector": [5, 5, 0]
						}
					}
				},
				"muzzle_flash": {
					"scale": {
						"vector": [0, 0, 0]
					}
				}
			}
		},
		"slide_on": {
			"animation_length": 0.04167,
			"bones": {
				"slide": {
					"position": {
						"0.0": {
							"vector": [0, 0, 0]
						},
						"0.0417": {
							"vector": [0, 0, 0]
						}
					}
				}
			}
		},
		"reload": {
			"animation_length": 2.7083,
			"bones": {
				"gun": {
					"rotation": {
						"0.0": {
							"vector": [0, 0, 0]
						},
						"0.75": {
							"vector": [0, -11, -48]
						},
						"2.2917": {
							"vector": [0, -11, -48]
						},
						"2.5833": {
							"vector": [0, 0, -7]
						},
						"2.6667": {
							"vector": [0, 0, 0]
						}
					},
					"position": {
						"0.0": {
							"vector": [0, 0, 0]
						},
						"0.375": {
							"vector": [0.95, 0.85, 0]
						},
						"0.75": {
							"vector": [0.3, 1.7, 0]
						},
						"2.2917": {
							"vector": [0.3, 1.7, 0]
						},
						"2.4583": {
							"vector": [0.43, 0.83, 0]
						},
						"2.5833": {
							"vector": [0, 0, 0]
						}
					}
				},
				"slide": {
					"position": {
						"0.0": {
							"vector": [0, 0, 1]
						},
						"1.8333": {
							"vector": [0, 0, 1]
						},
						"2.0": {
							"vector": [0, 0, 0]
						}
					}
				},
				"magazine": {
					"rotation": {
						"0.0": {
							"vector": [0, 0, 0]
						},
						"0.5417": {
							"vector": [-0.13055, 0.6355, 1.64458]
						},
						"0.8333": {
							"vector": [0.20275, -1.08622, 5.19943]
						},
						"1.0417": {
							"vector": [-16.87095, 27.63679, 13.08963]
						},
						"1.3333": {
							"vector": [17.04764, 21.25829, 40.22232]
						},
						"1.7083": {
							"vector": [-19.01317, 1.74525, -5.67697]
						},
						"1.8333": {
							"vector": [2.20071, -0.46055, -0.04201]
						},
						"2.125": {
							"vector": [0, 0, 0]
						}
					},
					"position": {
						"0.0": {
							"vector": [0, 0, 0]
						},
						"0.5417": {
							"vector": [0, 0, 0]
						},
						"0.8333": {
							"vector": [-0.24, -2.61, 1.08]
						},
						"1.0417": {
							"vector": [-0.82, -5.39, 0.35]
						},
						"1.3333": {
							"vector": [-2.2, -10.1, 0.7]
						},
						"1.5417": {
							"vector": [-0.54, -6.21, 0.47]
						},
						"1.7083": {
							"vector": [0.25, -3.1, 0.28]
						},
						"1.8333": {
							"vector": [0, -0.9, 0.4]
						},
						"2.125": {
							"vector": [0, 0, 0]
						}
					}
				},
				"bullet": {
					"scale": {
						"0.0": {
							"vector": [0, 0, 0]
						},
						"0.1667": {
							"vector": [0, 0, 0]
						}
					}
				},
				"muzzle_flash": {
					"scale": {
						"vector": [0, 0, 0]
					}
				}
			},
			"sound_effects": {
				"0.5833": {
					"effect": "reload"
				},
				"1.5": {
					"effect": "cock"
				}
			}
		},
		"inspect": {
			"animation_length": 5,
			"bones": {
				"gun": {
					"rotation": {
						"0.0": {
							"vector": [0, 0, 0]
						},
						"1.0": {
							"vector": [32.51898, -34.53068, -48.359]
						},
						"2.0": {
							"vector": [32.51898, -34.53068, -48.359]
						},
						"2.9167": {
							"vector": [-41.74072, -21.41328, 67.74636]
						},
						"3.4583": {
							"vector": [-45.84271, 4.31222, 94.17584]
						},
						"4.375": {
							"vector": [-45.84271, 4.31222, 94.17584]
						},
						"5.0": {
							"vector": [0, 0, 0]
						}
					},
					"position": {
						"0.0": {
							"vector": [0, 0, 0]
						},
						"0.4583": {
							"vector": [-0.09, 0.03, -0.18]
						},
						"1.0": {
							"vector": [-0.2, 0.5, -0.4]
						},
						"2.0": {
							"vector": [-0.2, 0.5, -0.4]
						},
						"2.4583": {
							"vector": [-1.9, 0.1, -1.65]
						},
						"2.5417": {
							"vector": [-1.92, 0.3, -1.37]
						},
						"2.9167": {
							"vector": [0, -0.1, -0.1]
						},
						"3.4583": {
							"vector": [-0.1, -0.3, 0.1]
						},
						"4.375": {
							"vector": [-0.1, -0.3, 0.1]
						},
						"4.7083": {
							"vector": [-0.35, 1.86, 0.05]
						},
						"5.0": {
							"vector": [0, 0, 0]
						}
					}
				},
				"muzzle_flash": {
					"scale": {
						"vector": [0, 0, 0]
					}
				}
			}
		},
		"slide_off": {
			"animation_length": 0.04167,
			"bones": {
				"slide": {
					"position": {
						"0.0": {
							"vector": [0, 0, 1]
						},
						"0.0417": {
							"vector": [0, 0, 1]
						}
					}
				},
				"muzzle_flash": {
					"scale": {
						"vector": [0, 0, 0]
					}
				},
				"bullet": {
					"scale": {
						"vector": [0, 0, 0]
					}
				}
			}
		},
		"hold": {
			"loop": true,
			"bones": {
				"muzzle_flash": {
					"scale": {
						"vector": [0, 0, 0]
					}
				}
			}
		},
		"shot": {
			"loop": true,
			"animation_length": 0.3125,
			"bones": {
				"slide": {
					"position": {
						"0.0": {
							"vector": [0, 0, 0]
						},
						"0.1875": {
							"vector": [0, 0, 1.71],
							"easing": "easeInQuart"
						},
						"0.3125": {
							"vector": [0, 0, 0]
						}
					}
				},
				"bullet": {
					"rotation": {
						"0.0": {
							"vector": [0, 0, 0]
						},
						"0.0625": {
							"vector": [0, 0, 0]
						},
						"0.125": {
							"vector": [18.88172, 6.71771, -108.88172]
						},
						"0.25": {
							"vector": [360, 180, -81.02416]
						}
					},
					"position": {
						"0.0": {
							"vector": [0, 0, 0]
						},
						"0.0625": {
							"vector": [0, 0, 0]
						},
						"0.125": {
							"vector": [-1.6, 0.4, -0.6]
						},
						"0.1875": {
							"vector": [-4.8, -0.45, -1.4]
						},
						"0.25": {
							"vector": [-7.2, -1.1, -1.9]
						}
					},
					"scale": {
						"0.0": {
							"vector": [1, 1, 1]
						},
						"0.25": {
							"vector": [0.29, 0.51, 0.54]
						}
					}
				},
				"muzzle_flash": {
					"scale": {
						"0.0": {
							"vector": [0, 0, 0]
						},
						"0.0625": {
							"vector": [1, 1, 1]
						},
						"0.125": {
							"vector": [0, 0, 0]
						}
					}
				},
				"model": {
					"rotation": {
						"0.0": {
							"vector": [0, 0, 0]
						},
						"0.125": {
							"vector": [0, 0, 0]
						},
						"0.1875": {
							"vector": [-7.5, 0, 0],
							"easing": "easeOutQuint"
						},
						"0.3125": {
							"vector": [0, 0, 0]
						}
					},
					"position": {
						"0.0": {
							"vector": [0, 0, 0]
						},
						"0.125": {
							"vector": [0, 0, 0]
						},
						"0.1875": {
							"vector": [0, 0, 1],
							"easing": "easeOutQuint"
						},
						"0.3125": {
							"vector": [0, 0, 0]
						}
					}
				},
				"gun": {
					"rotation": {
						"vector": [0, 0, 0]
					}
				}
			}
		},
		"shot_start": {
			"loop": true,
			"animation_length": 0.25,
			"bones": {
				"slide": {
					"position": {
						"0.0": {
							"vector": [0, 0, 0]
						},
						"0.25": {
							"vector": [0, 0, 1.1],
							"easing": "linear"
						}
					}
				},
				"bullet": {
					"rotation": {
						"0.0": {
							"vector": [0, 0, 0]
						},
						"0.0625": {
							"vector": [0, 0, 0]
						},
						"0.125": {
							"vector": [18.88172, 6.71771, -108.88172]
						},
						"0.25": {
							"vector": [46.08923, -25.38167, -81.02416]
						}
					},
					"position": {
						"0.0": {
							"vector": [0, 0, 0]
						},
						"0.0625": {
							"vector": [0, 0, 0]
						},
						"0.125": {
							"vector": [-1.6, 0.4, -0.6]
						},
						"0.1875": {
							"vector": [-2.8, -0.45, -1.4]
						},
						"0.25": {
							"vector": [-3.2, -1.1, -1.9]
						}
					},
					"scale": {
						"0.0": {
							"vector": [1, 1, 1]
						},
						"0.25": {
							"vector": [0.29, 0.51, 0.54]
						}
					}
				},