{
	"format_version": "1.8.0",
	"animations": {
		"hold": {
			"loop": true,
			"bones": {
				"left_arm": {
					"rotation": {
						"vector": [8.32828, 21.37891, -1.41017]
					},
					"position": {
						"vector": [0, 1.325, -1.325]
					},
					"scale": {
						"vector": [1, 1, 1.3]
					}
				},
				"ArmLock": {
					"rotation": {
						"vector": [0, 0, 0]
					},
					"position": {
						"vector": [0, 0, 0]
					},
					"scale": {
						"vector": [1, 1, 1]
					}
				},
				"muzzle_flash": {
					"scale": {
						"vector": [0, 0, 0]
					}
				},
				"right_arm": {
					"rotation": {
						"vector": [6.82772, -4.33883, 1.75546]
					},
					"position": {
						"vector": [6.975, 3.35, 7]
					}
				}
			}
		},
		"reload": {
			"loop": true,
			"animation_length": 1.5,
			"bones": {
				"left_arm": {
					"rotation": {
						"0.0": {
							"vector": [8.32828, 21.37891, -1.41017]
						},
						"0.375": {
							"vector": [24.03699, 51.69959, 0.18363]
						},
						"0.4167": {
							"vector": [24.03699, 51.69959, 0.18363]
						},
						"0.75": {
							"vector": [35.82757, 44.76295, -4.11069]
						},
						"0.875": {
							"vector": [35.82757, 44.76295, -4.11069]
						},
						"1.5": {
							"vector": [8.32828, 21.37891, -1.41017]
						}
					},
					"position": {
						"0.0": {
							"vector": [0, 1.325, -1.325]
						},
						"0.375": {
							"vector": [0.75, 4.92, 5.12]
						},
						"0.4167": {
							"vector": [0.75, 4.92, 5.12]
						},
						"0.75": {
							"vector": [-1.5, 7.67, 5.62]
						},
						"0.875": {
							"vector": [-1.5, 7.67, 5.62]
						},
						"1.5": {
							"vector": [0, 1.325, -1.325]
						}
					},
					"scale": {
						"0.0": {
							"vector": [1, 1, 1.3]
						},
						"1.5": {
							"vector": [1, 1, 1.3]
						}
					}
				},
				"ArmLock": {
					"rotation": {
						"0.0": {
							"vector": [0, 0, 0]
						},
						"0.375": {
							"vector": [21.18544, -6.31631, -28.533]
						},
						"0.4167": {
							"vector": [21.18544, -6.31631, -28.533]
						},
						"0.75": {
							"vector": [21.18544, -6.31631, -28.533]
						},
						"1.0": {
							"vector": [21.18544, -6.31631, -28.533]
						},
						"1.5": {
							"vector": [0, 0, 0]
						}
					},
					"position": {
						"0.0": {
							"vector": [0, 0, 0]
						},
						"0.375": {
							"vector": [-5.75, 0.25, 1.5]
						},
						"0.4167": {
							"vector": [-5.75, 0.25, 1.5]
						},
						"0.75": {
							"vector": [-5.75, 0.25, 1.5]
						},
						"1.0": {
							"vector": [-5.75, 0.25, 1.5]
						},
						"1.5": {
							"vector": [0, 0, 0]
						}
					},
					"scale": {
						"0.0": {
							"vector": [1, 1, 1]
						},
						"1.5": {
							"vector": [1, 1, 1]
						}
					}
				},
				"right_arm": {
					"rotation": {
						"0.0": {
							"vector": [6.82772, -4.33883, 1.75546]
						},
						"1.5": {
							"vector": [6.82772, -4.33883, 1.75546]
						}
					},
					"position": {
						"0.0": {
							"vector": [6.975, 3.35, 7]
						},
						"1.5": {
							"vector": [6.975, 3.35, 7]
						}
					}
				},
				"muzzle_flash": {
					"scale": {
						"0.0": {
							"vector": [0, 0, 0]
						},
						"1.5": {
							"vector": [0, 0, 0]
						}
					}
				},
				"bone12": {
					"rotation": {
						"0.0": {
							"vector": [0, 0, 0]
						},
						"0.375": {
							"vector": [0, 0, 0]
						},
						"1.5": {
							"vector": [0, 0, 0],
							"easing": "easeInElastic"
						}
					}
				},
				"bone": {
					"rotation": {
						"0.5": {
							"vector": [0, 0, 0]
						},
						"0.75": {
							"vector": [0, 0, -12.5]
						}
					}
				}
			}
		},
		"shot": {
			"loop": true,
			"bones": {
				"muzzle_flash": {
					"scale": {
						"vector": [0, 0, 0]
					}
				},
				"right_arm": {
					"rotation": {
						"vector": [6.82772, -4.33883, 1.75546]
					},
					"position": {
						"vector": [6.975, 3.35, 7]
					}
				},
				"left_arm": {
					"rotation": {
						"vector": [8.32828, 21.37891, -1.41017]
					},
					"position": {
						"vector": [0, 1.325, -1.325]
					},
					"scale": {
						"vector": [1, 1, 1.3]
					}
				},
				"model": {
					"rotation": {
						"vector": [0, 0, 0]
					},
					"position": {
						"vector": [0, 0, 0]
					}
				},
				"ArmLock": {
					"rotation": {
						"vector": [0, 0, 0]
					},
					"position": {
						"vector": [0, 0, 0]
					},
					"scale": {
						"vector": [1, 1, 1]
					}
				}
			}
		},
		"slide_on": {
			"loop": true
		},
		"slide_off": {
			"loop": true
		}
	},
	"azurelib_format_version": 2
}