{
	"format_version": "1.8.0",
	"animations": {
		"aim": {
			"loop": "hold_on_last_frame",
			"animation_length": 0.25,
			"bones": {
				"left_arm": {
					"rotation": {
						"0.0": {
							"vector": [-6.49553, 25.63534, -18.01071]
						},
						"0.25": {
							"vector": [-17.68211, 16.28324, -19.17749]
						}
					},
					"position": {
						"0.0": {
							"vector": [1.45, 1.675, 9.325]
						},
						"0.125": {
							"vector": [13.7, -2.97, 12.13]
						},
						"0.25": {
							"vector": [11.25, -0.425, 9.825]
						}
					},
					"scale": {
						"vector": [1, 1, 1.3]
					}
				},
				"ArmLock": {
					"rotation": {
						"0.0": {
							"vector": [0, 0, 0]
						},
						"0.125": {
							"vector": [0, -10, 0]
						},
						"0.25": {
							"vector": [0, 0, 0]
						}
					},
					"position": {
						"0.0": {
							"vector": [0, 0, 0]
						},
						"0.125": {
							"vector": [5.2, -1.21, 0]
						},
						"0.25": {
							"vector": [10.4, 1.575, 0]
						}
					},
					"scale": {
						"vector": [1, 1, 1]
					}
				},
				"gun": {
					"rotation": {
						"0.0": {
							"vector": [0, 0, 0]
						},
						"0.125": {
							"vector": [0, 0, 25]
						},
						"0.25": {
							"vector": [0, 0, 0]
						}
					}
				},
				"right_arm": {
					"rotation": {
						"0.0": {
							"vector": [1.84695, -9.33626, 1.59405]
						},
						"0.125": {
							"vector": [2.69269, -9.23413, 26.93123]
						},
						"0.25": {
							"vector": [1.84695, -9.33626, 1.59405]
						}
					},
					"position": {
						"0.0": {
							"vector": [6.725, 2, 18]
						},
						"0.125": {
							"vector": [13.43, 0.9, 18]
						},
						"0.25": {
							"vector": [6.725, 2, 18]
						}
					}
				},
				"flame": {
					"scale": {
						"0.0": {
							"vector": [0.47, 0.47, 0.47]
						},
						"0.125": {
							"vector": [0.47, 0.83, 0.47]
						},
						"0.25": {
							"vector": [0.47, 0.27, 0.47]
						}
					}
				}
			}
		},
		"hold": {
			"loop": true,
			"animation_length": 0.16667,
			"bones": {
				"left_arm": {
					"rotation": {
						"0.0": {
							"vector": [-6.49553, 25.63534, -18.01071]
						},
						"0.1667": {
							"vector": [-6.49553, 25.63534, -18.01071]
						}
					},
					"position": {
						"0.0": {
							"vector": [1.45, 1.675, 9.325]
						},
						"0.1667": {
							"vector": [1.45, 1.675, 9.325]
						}
					},
					"scale": {
						"0.0": {
							"vector": [1, 1, 1.3]
						},
						"0.1667": {
							"vector": [1, 1, 1.3]
						}
					}
				},
				"ArmLock": {
					"rotation": {
						"0.0": {
							"vector": [0, 0, 0]
						},
						"0.1667": {
							"vector": [0, 0, 0]
						}
					},
					"position": {
						"0.0": {
							"vector": [0, 0, 0]
						},
						"0.1667": {
							"vector": [0, 0, 0]
						}
					},
					"scale": {
						"0.0": {
							"vector": [1, 1, 1]
						},
						"0.1667": {
							"vector": [1, 1, 1]
						}
					}
				},
				"muzzle_flash": {
					"scale": {
						"vector": [0, 0, 0]
					}
				},
				"right_arm": {
					"rotation": {
						"vector": [1.84695, -9.33626, 1.59405]
					},
					"position": {
						"vector": [6.725, 2, 18]
					}
				},
				"flame": {
					"scale": {
						"0.0": {
							"vector": [0.47, 0.47, 0.47]
						},
						"0.1667": {
							"vector": [0.47, 0.83, 0.47]
						}
					}
				}
			}
		},
		"reload": {
			"loop": true,
			"animation_length": 2.375,
			"bones": {
				"left_arm": {
					"rotation": {
						"0.0": {
							"vector": [-6.49553, 25.63534, -18.01071]
						},
						"0.375": {
							"vector": [30.93408, 22.74803, -17.83611]
						},
						"0.625": {
							"vector": [14.09049, 29.26164, -38.91849]
						},
						"1.125": {
							"vector": [45.40974, 18.07676, -41.84511]
						},
						"1.2917": {
							"vector": [45.40974, 18.07676, -41.84511]
						},
						"1.5833": {
							"vector": [15.60648, 23.97411, -38.74966]
						},
						"1.625": {
							"vector": [16.70585, 24.81668, -38.3074]
						},
						"2.0": {
							"vector": [-14.45502, 25.84661, -66.51055]
						},
						"2.375": {
							"vector": [-6.49553, 25.63534, -18.01071]
						}
					},
					"position": {
						"0.0": {
							"vector": [1.45, 1.675, 9.325]
						},
						"0.375": {
							"vector": [-0.25, 2.42, 4.62]
						},
						"0.625": {
							"vector": [-1, 2.42, 4.62]
						},
						"1.125": {
							"vector": [1.75, 2.42, 13.87]
						},
						"1.2917": {
							"vector": [1.75, 2.42, 22.62]
						},
						"1.625": {
							"vector": [-1.8, -7.08, 1.57]
						},
						"2.0": {
							"vector": [1.625, -4.78, 7.62]
						},
						"2.0833": {
							"vector": [3.215, -1.55, 8.47]
						},
						"2.375": {
							"vector": [1.45, 1.675, 9.325]
						}
					},
					"scale": {
						"0.0": {
							"vector": [1, 1, 1.3]
						},
						"2.375": {
							"vector": [1, 1, 1.3]
						}
					}
				},
				"ArmLock": {
					"rotation": {
						"0.0": {
							"vector": [0, 0, 0]
						},
						"0.375": {
							"vector": [22.00309, -1.69996, -40.18112]
						},
						"1.9583": {
							"vector": [22.00309, -1.69996, -40.18112]
						},
						"2.375": {
							"vector": [0, 0, 0]
						}
					},
					"position": {
						"0.0": {
							"vector": [0, 0, 0]
						},
						"0.375": {
							"vector": [-5.75, 0.25, -1.5]
						},
						"1.9583": {
							"vector": [-5.75, 0.25, -1.5]
						},
						"2.375": {
							"vector": [0, 0, 0]
						}
					},
					"scale": {
						"0.0": {
							"vector": [1, 1, 1]
						},
						"2.375": {
							"vector": [1, 1, 1]
						}
					}
				},
				"right_arm": {
					"rotation": {
						"vector": [1.84695, -9.33626, 1.59405]
					},
					"position": {
						"vector": [6.725, 2, 18]
					}
				},
				"magazine": {
					"rotation": {
						"0.625": {
							"vector": [0, 0, 0]
						},
						"0.7917": {
							"vector": [0, 0, 0]
						},
						"1.125": {
							"vector": [72.5, 0, 0],
							"easing": "easeInSine"
						},
						"1.1667": {
							"vector": [74.04128, -21.3536, -26.08077]
						},
						"1.625": {
							"vector": [11.51, 0, 0]
						},
						"2.0": {
							"vector": [0, 0, 0]
						}
					},
					"position": {
						"0.625": {
							"vector": [0, 0, 0]
						},
						"1.125": {
							"vector": [-2.42282, -23.95452, -32.448],
							"easing": "easeInSine"
						},
						"1.1667": {
							"vector": [10.52773, -13.80073, 6.1767]
						},
						"1.625": {
							"vector": [-0.8, -7.93, -10.74]
						},
						"2.0": {
							"vector": [0, 0, 0]
						}
					},
					"scale": {
						"1.0417": {
							"vector": [1, 1, 1]
						},
						"1.125": {
							"vector": [0, 0, 0]
						},
						"1.1667": {
							"vector": [1, 1, 1]
						}
					}
				},
				"muzzle_flash": {
					"scale": {
						"vector": [0, 0, 0]
					}
				},
				"bone12": {
					"rotation": {
						"0.0": {
							"vector": [0, 0, 0]
						},
						"0.375": {
							"vector": [0, 0, 0]
						},
						"0.625": {
							"vector": [-80, 0, 0],
							"easing": "easeInSine"
						},
						"1.9583": {
							"vector": [-80, 0, 0]
						},
						"2.125": {
							"vector": [0, 0, 0],
							"easing": "easeInElastic"
						}
					}
				},
				"flame": {
					"scale": {
						"0.0": {
							"vector": [0.47, 0.47, 0.47]
						},
						"0.25": {
							"vector": [0.47, 0.83, 0.47]
						},
						"0.5": {
							"vector": [0.47, 0.47, 0.47]
						},
						"0.75": {
							"vector": [0.47, 0.23, 0.47]
						},
						"1.125": {
							"vector": [0.47, 0.13, 0.47]
						},
						"1.5": {
							"vector": [0.47, 0.23, 0.47]
						},
						"1.875": {
							"vector": [0.47, 0.13, 0.47]
						},
						"2.375": {
							"vector": [0.47, 0.83, 0.47]
						}
					}
				}
			}
		},
		"shot": {
			"loop": true,
			"animation_length": 1,
			"bones": {
				"slide": {
					"position": {
						"0.0": {
							"vector": [0, 0, 0]
						},
						"0.5333": {
							"vector": [0, 0, 0]
						},
						"0.6667": {
							"vector": [0, 0, 2.3]
						},