{
	"format_version": "1.8.0",
	"animations": {
		"gun_hold": {
			"loop": true,
			"bones": {
				"body": {
					"rotation": {
						"vector": [0, 7.5, 0]
					}
				},
				"right_arm": {
					"rotation": {
						"vector": [-90, -20, 0]
					},
					"position": {
						"vector": [1.5, 0, -0.4]
					}
				},
				"left_arm": {
					"rotation": {
						"vector": [-87.5, 35, 0]
					},
					"position": {
						"vector": [-1, 0, -1]
					}
				}
			}
		},
		"gun_reload": {
			"animation_length": 1.4167,
			"bones": {
				"body": {
					"rotation": {
						"0.0": {
							"vector": [0, 7.5, 0]
						},
						"1.4167": {
							"vector": [0, 7.5, 0]
						}
					}
				},
				"right_arm": {
					"rotation": {
						"0.0": {
							"vector": [-90, -20, 0]
						},
						"0.5": {
							"vector": [-91.26769, -9.66309, 30.1892]
						},
						"0.5833": {
							"vector": [-94.49747, -14.02784, 43.19081]
						},
						"0.6667": {
							"vector": [-93.23465, -14.3652, 38.04494]
						},
						"1.0": {
							"vector": [-91.29177, -14.66184, 30.3034]
						},
						"1.0417": {
							"vector": [-89.98336, -9.74509, 22.58063]
						},
						"1.4167": {
							"vector": [-90, -20, 0]
						}
					},
					"position": {
						"0.0": {
							"vector": [1.5, 0, -0.4]
						},
						"0.5": {
							"vector": [0, 0, -0.4]
						},
						"1.0": {
							"vector": [0, 0, -0.4]
						},
						"1.4167": {
							"vector": [1.5, 0, -0.4]
						}
					}
				},
				"left_arm": {
					"rotation": {
						"0.0": {
							"vector": [-87.5, 35, 0]
						},
						"0.5": {
							"vector": [0, 0, 0]
						},
						"0.6667": {
							"vector": [0, 0, 0]
						},
						"1.0": {
							"vector": [-93.45072, 25.82013, -0.28218]
						},
						"1.0417": {
							"vector": [-97.06714, 33.11201, -0.41586]
						},
						"1.4167": {
							"vector": [-87.5, 35, 0]
						}
					},
					"position": {
						"0.0": {
							"vector": [-1, 0, -1]
						},
						"0.5": {
							"vector": [0, 0, 0]
						},
						"0.6667": {
							"vector": [0, 0, 0]
						},
						"1.4167": {
							"vector": [-1, 0, -1]
						}
					}
				}
			}
		}
	},
	"azurelib_format_version": 2
}